sceneName,startTime,stopTime,platform,beamModeType,flightDirection,pathNumber,frameNumber,orbit,polarization,processingLevel,url
S1A_IW_SLC__1SDV_20150921T232737_20150921T232806_007820_00AE3B_0A60,2015-09-21T23:27:37Z,2015-09-21T23:28:06Z,Sentinel-1A,IW,ASCENDING,48,79,7820,VV+VH,SLC,https://datapool.asf.alaska.edu/SLC/SA/S1A_IW_SLC__1SDV_20150921T232737_20150921T232806_007820_00AE3B_0A60.zip
S1A_IW_SLC__1SDV_20151015T232737_20151015T232807_008170_00B7AA_A3BF,2015-10-15T23:27:37Z,2015-10-15T23:28:07Z,Sentinel-1A,IW,ASCENDING,48,79,8170,VV+VH,SLC,https://datapool.asf.alaska.edu/SLC/SA/S1A_IW_SLC__1SDV_20151015T232737_20151015T232807_008170_00B7AA_A3BF.zip
S1A_IW_SLC__1SDV_20160412T232730_20160412T232800_010795_010233_9DB4,2016-04-12T23:27:30Z,2016-04-12T23:28:00Z,Sentinel-1A,IW,ASCENDING,48,78,10795,VV+VH,SLC,https://datapool.asf.alaska.edu/SLC/SA/S1A_IW_SLC__1SDV_20160412T232730_20160412T232800_010795_010233_9DB4.zip
S1A_IW_SLC__1SDV_20160705T232737_20160705T232807_012020_012902_C130,2016-07-05T23:27:37Z,2016-07-05T23:28:07Z,Sentinel-1A,IW,ASCENDING,48,78,12020,VV+VH,SLC,https://datapool.asf.alaska.edu/SLC/SA/S1A_IW_SLC__1SDV_20160705T232737_20160705T232807_012020_012902_C130.zip
S1A_IW_SLC__1SDV_20160927T232741_20160927T232811_013245_015163_8515,2016-09-27T23:27:41Z,2016-09-27T23:28:11Z,Sentinel-1A,IW,ASCENDING,48,78,13245,VV+VH,SLC,https://datapool.asf.alaska.edu/SLC/SA/S1A_IW_SLC__1SDV_20160927T232741_20160927T232811_013245_015163_8515.zip
S1A_IW_SLC__1SDV_20161009T232741_20161009T232811_013420_0156DE_A163,2016-10-09T23:27:41Z,2016-10-09T23:28:11Z,Sentinel-1A,IW,ASCENDING,48,78,13420,VV+VH,SLC,https://datapool.asf.alaska.edu/SLC/SA/S1A_IW_SLC__1SDV_20161009T232741_20161009T232811_013420_0156DE_A163.zip
S1B_IW_SLC__1SDV_20161015T232653_20161015T232723_002524_004432_468D,2016-10-15T23:26:53Z,2016-10-15T23:27:23Z,Sentinel-1B,IW,ASCENDING,48,77,2524,VV+VH,SLC,https://datapool.asf.alaska.edu/SLC/SB/S1B_IW_SLC__1SDV_20161015T232653_20161015T232723_002524_004432_468D.zip
S1A_IW_SLC__1SDV_20161021T232741_20161021T232811_013595_015C6C_93E1,2016-10-21T23:27:41Z,2016-10-21T23:28:11Z,Sentinel-1A,IW,ASCENDING,48,78,13595,VV+VH,SLC,https://datapool.asf.alaska.edu/SLC/SA/S1A_IW_SLC__1SDV_20161021T232741_20161021T232811_013595_015C6C_93E1.zip
S1A_IW_SLC__1SDV_20161102T232741_20161102T232811_013770_0161D0_03FF,2016-11-02T23:27:41Z,2016-11-02T23:28:11Z,Sentinel-1A,IW,ASCENDING,48,78,13770,VV+VH,SLC,https://datapool.asf.alaska.edu/SLC/SA/S1A_IW_SLC__1SDV_20161102T232741_20161102T232811_013770_0161D0_03FF.zip
S1A_IW_SLC__1SDV_20161114T232741_20161114T232810_013945_016753_6861,2016-11-14T23:27:41Z,2016-11-14T23:28:10Z,Sentinel-1A,IW,ASCENDING,48,78,13945,VV+VH,SLC,https://datapool.asf.alaska.edu/SLC/SA/S1A_IW_SLC__1SDV_20161114T232741_20161114T232810_013945_016753_6861.zip
S1A_IW_SLC__1SDV_20161126T232740_20161126T232810_014120_016CA2_DA39,2016-11-26T23:27:40Z,2016-11-26T23:28:10Z,Sentinel-1A,IW,ASCENDING,48,78,14120,VV+VH,SLC,https://datapool.asf.alaska.edu/SLC/SA/S1A_IW_SLC__1SDV_20161126T232740_20161126T232810_014120_016CA2_DA39.zip
S1A_IW_SLC__1SDV_20161208T232740_20161208T232810_014295_017231_184A,2016-12-08T23:27:40Z,2016-12-08T23:28:10Z,Sentinel-1A,IW,ASCENDING,48,78,14295,VV+VH,SLC,https://datapool.asf.alaska.edu/SLC/SA/S1A_IW_SLC__1SDV_20161208T232740_20161208T232810_014295_017231_184A.zip
S1A_IW_SLC__1SDV_20161220T232739_20161220T232809_014470_0177A5_41C5,2016-12-20T23:27:39Z,2016-12-20T23:28:09Z,Sentinel-1A,IW,ASCENDING,48,78,14470,VV+VH,SLC,https://datapool.asf.alaska.edu/SLC/SA/S1A_IW_SLC__1SDV_20161220T232739_20161220T232809_014470_0177A5_41C5.zip
S1A_IW_SLC__1SDV_20170101T232738_20170101T232808_014645_017D0F_5DA5,2017-01-01T23:27:38Z,2017-01-01T23:28:08Z,Sentinel-1A,IW,ASCENDING,48,78,14645,VV+VH,SLC,https://datapool.asf.alaska.edu/SLC/SA/S1A_IW_SLC__1SDV_20170101T232738_20170101T232808_014645_017D0F_5DA5.zip
S1A_IW_SLC__1SDV_20170113T232738_20170113T232807_014820_01825D_0173,2017-01-13T23:27:38Z,2017-01-13T23:28:07Z,Sentinel-1A,IW,ASCENDING,48,78,14820,VV+VH,SLC,https://datapool.asf.alaska.edu/SLC/SA/S1A_IW_SLC__1SDV_20170113T232738_20170113T232807_014820_01825D_0173.zip
S1A_IW_SLC__1SDV_20170125T232737_20170125T232807_014995_0187CE_1A01,2017-01-25T23:27:37Z,2017-01-25T23:28:07Z,Sentinel-1A,IW,ASCENDING,48,78,14995,VV+VH,SLC,https://datapool.asf.alaska.edu/SLC/SA/S1A_IW_SLC__1SDV_20170125T232737_20170125T232807_014995_0187CE_1A01.zip
S1A_IW_SLC__1SDV_20170206T232745_20170206T232811_015170_018D2A_5037,2017-02-06T23:27:45Z,2017-02-06T23:28:11Z,Sentinel-1A,IW,ASCENDING,48,80,15170,VV+VH,SLC,https://datapool.asf.alaska.edu/SLC/SA/S1A_IW_SLC__1SDV_20170206T232745_20170206T232811_015170_018D2A_5037.zip
S1A_IW_SLC__1SDV_20170302T232739_20170302T232805_015520_0197F0_7077,2017-03-02T23:27:39Z,2017-03-02T23:28:05Z,Sentinel-1A,IW,ASCENDING,48,79,15520,VV+VH,SLC,https://datapool.asf.alaska.edu/SLC/SA/S1A_IW_SLC__1SDV_20170302T232739_20170302T232805_015520_0197F0_7077.zip
S1A_IW_SLC__1SDV_20170314T232739_20170314T232806_015695_019D43_35E8,2017-03-14T23:27:39Z,2017-03-14T23:28:06Z,Sentinel-1A,IW,ASCENDING,48,79,15695,VV+VH,SLC,https://datapool.asf.alaska.edu/SLC/SA/S1A_IW_SLC__1SDV_20170314T232739_20170314T232806_015695_019D43_35E8.zip
S1A_IW_SLC__1SDV_20170326T232739_20170326T232806_015870_01A271_7987,2017-03-26T23:27:39Z,2017-03-26T23:28:06Z,Sentinel-1A,IW,ASCENDING,48,79,15870,VV+VH,SLC,https://datapool.asf.alaska.edu/SLC/SA/S1A_IW_SLC__1SDV_20170326T232739_20170326T232806_015870_01A271_7987.zip
S1A_IW_SLC__1SDV_20170407T232740_20170407T232807_016045_01A7AA_BAF4,2017-04-07T23:27:40Z,2017-04-07T23:28:07Z,Sentinel-1A,IW,ASCENDING,48,79,16045,VV+VH,SLC,https://datapool.asf.alaska.edu/SLC/SA/S1A_IW_SLC__1SDV_20170407T232740_20170407T232807_016045_01A7AA_BAF4.zip
S1A_IW_SLC__1SDV_20170513T232741_20170513T232808_016570_01B7A7_6F15,2017-05-13T23:27:41Z,2017-05-13T23:28:08Z,Sentinel-1A,IW,ASCENDING,48,79,16570,VV+VH,SLC,https://datapool.asf.alaska.edu/SLC/SA/S1A_IW_SLC__1SDV_20170513T232741_20170513T232808_016570_01B7A7_6F15.zip
S1A_IW_SLC__1SDV_20170525T232742_20170525T232809_016745_01BD07_81ED,2017-05-25T23:27:42Z,2017-05-25T23:28:09Z,Sentinel-1A,IW,ASCENDING,48,79,16745,VV+VH,SLC,https://datapool.asf.alaska.edu/SLC/SA/S1A_IW_SLC__1SDV_20170525T232742_20170525T232809_016745_01BD07_81ED.zip
S1A_IW_SLC__1SDV_20170618T232743_20170618T232810_017095_01C7DF_541E,2017-06-18T23:27:43Z,2017-06-18T23:28:10Z,Sentinel-1A,IW,ASCENDING,48,79,17095,VV+VH,SLC,https://datapool.asf.alaska.edu/SLC/SA/S1A_IW_SLC__1SDV_20170618T232743_20170618T232810_017095_01C7DF_541E.zip
S1A_IW_SLC__1SDV_20170724T232746_20170724T232812_017620_01D7C7_F66D,2017-07-24T23:27:46Z,2017-07-24T23:28:12Z,Sentinel-1A,IW,ASCENDING,48,79,17620,VV+VH,SLC,https://datapool.asf.alaska.edu/SLC/SA/S1A_IW_SLC__1SDV_20170724T232746_20170724T232812_017620_01D7C7_F66D.zip
S1A_IW_SLC__1SDV_20170817T232747_20170817T232814_017970_01E26C_DBFA,2017-08-17T23:27:47Z,2017-08-17T23:28:14Z,Sentinel-1A,IW,ASCENDING,48,79,17970,VV+VH,SLC,https://datapool.asf.alaska.edu/SLC/SA/S1A_IW_SLC__1SDV_20170817T232747_20170817T232814_017970_01E26C_DBFA.zip
S1A_IW_SLC__1SDV_20170829T232747_20170829T232814_018145_01E7B6_E297,2017-08-29T23:27:47Z,2017-08-29T23:28:14Z,Sentinel-1A,IW,ASCENDING,48,79,18145,VV+VH,SLC,https://datapool.asf.alaska.edu/SLC/SA/S1A_IW_SLC__1SDV_20170829T232747_20170829T232814_018145_01E7B6_E297.zip
S1A_IW_SLC__1SDV_20170910T232750_20170910T232817_018320_01ED26_293F,2017-09-10T23:27:50Z,2017-09-10T23:28:17Z,Sentinel-1A,IW,ASCENDING,48,79,18320,VV+VH,SLC,https://datapool.asf.alaska.edu/SLC/SA/S1A_IW_SLC__1SDV_20170910T232750_20170910T232817_018320_01ED26_293F.zip
S1A_IW_SLC__1SDV_20171004T232748_20171004T232815_018670_01F7DD_729D,2017-10-04T23:27:48Z,2017-10-04T23:28:15Z,Sentinel-1A,IW,ASCENDING,48,79,18670,VV+VH,SLC,https://datapool.asf.alaska.edu/SLC/SA/S1A_IW_SLC__1SDV_20171004T232748_20171004T232815_018670_01F7DD_729D.zip
S1A_IW_SLC__1SDV_20171016T232749_20171016T232816_018845_01FD3C_7037,2017-10-16T23:27:49Z,2017-10-16T23:28:16Z,Sentinel-1A,IW,ASCENDING,48,79,18845,VV+VH,SLC,https://datapool.asf.alaska.edu/SLC/SA/S1A_IW_SLC__1SDV_20171016T232749_20171016T232816_018845_01FD3C_7037.zip
S1A_IW_SLC__1SDV_20171028T232749_20171028T232816_019020_020287_4F40,2017-10-28T23:27:49Z,2017-10-28T23:28:16Z,Sentinel-1A,IW,ASCENDING,48,79,19020,VV+VH,SLC,https://datapool.asf.alaska.edu/SLC/SA/S1A_IW_SLC__1SDV_20171028T232749_20171028T232816_019020_020287_4F40.zip
S1A_IW_SLC__1SDV_20171109T232748_20171109T232815_019195_0207EE_6119,2017-11-09T23:27:48Z,2017-11-09T23:28:15Z,Sentinel-1A,IW,ASCENDING,48,79,19195,VV+VH,SLC,https://datapool.asf.alaska.edu/SLC/SA/S1A_IW_SLC__1SDV_20171109T232748_20171109T232815_019195_0207EE_6119.zip
S1A_IW_SLC__1SDV_20171121T232748_20171121T232815_019370_020D75_9FB6,2017-11-21T23:27:48Z,2017-11-21T23:28:15Z,Sentinel-1A,IW,ASCENDING,48,79,19370,VV+VH,SLC,https://datapool.asf.alaska.edu/SLC/SA/S1A_IW_SLC__1SDV_20171121T232748_20171121T232815_019370_020D75_9FB6.zip
S1A_IW_SLC__1SDV_20171203T232748_20171203T232815_019545_0212EB_F7B8,2017-12-03T23:27:48Z,2017-12-03T23:28:15Z,Sentinel-1A,IW,ASCENDING,48,79,19545,VV+VH,SLC,https://datapool.asf.alaska.edu/SLC/SA/S1A_IW_SLC__1SDV_20171203T232748_20171203T232815_019545_0212EB_F7B8.zip
S1A_IW_SLC__1SDV_20171215T232747_20171215T232814_019720_02185F_0412,2017-12-15T23:27:47Z,2017-12-15T23:28:14Z,Sentinel-1A,IW,ASCENDING,48,79,19720,VV+VH,SLC,https://datapool.asf.alaska.edu/SLC/SA/S1A_IW_SLC__1SDV_20171215T232747_20171215T232814_019720_02185F_0412.zip
S1A_IW_SLC__1SDV_20180108T232746_20180108T232813_020070_02234C_DEA1,2018-01-08T23:27:46Z,2018-01-08T23:28:13Z,Sentinel-1A,IW,ASCENDING,48,79,20070,VV+VH,SLC,https://datapool.asf.alaska.edu/SLC/SA/S1A_IW_SLC__1SDV_20180108T232746_20180108T232813_020070_02234C_DEA1.zip
S1A_IW_SLC__1SDV_20180120T232746_20180120T232813_020245_0228DA_00E8,2018-01-20T23:27:46Z,2018-01-20T23:28:13Z,Sentinel-1A,IW,ASCENDING,48,79,20245,VV+VH,SLC,https://datapool.asf.alaska.edu/SLC/SA/S1A_IW_SLC__1SDV_20180120T232746_20180120T232813_020245_0228DA_00E8.zip
S1A_IW_SLC__1SDV_20180201T232746_20180201T232812_020420_022E6E_06D9,2018-02-01T23:27:46Z,2018-02-01T23:28:12Z,Sentinel-1A,IW,ASCENDING,48,79,20420,VV+VH,SLC,https://datapool.asf.alaska.edu/SLC/SA/S1A_IW_SLC__1SDV_20180201T232746_20180201T232812_020420_022E6E_06D9.zip
S1A_IW_SLC__1SDV_20180213T232745_20180213T232812_020595_02340A_3D18,2018-02-13T23:27:45Z,2018-02-13T23:28:12Z,Sentinel-1A,IW,ASCENDING,48,79,20595,VV+VH,SLC,https://datapool.asf.alaska.edu/SLC/SA/S1A_IW_SLC__1SDV_20180213T232745_20180213T232812_020595_02340A_3D18.zip
S1A_IW_SLC__1SDV_20180225T232745_20180225T232812_020770_0239A0_79A6,2018-02-25T23:27:45Z,2018-02-25T23:28:12Z,Sentinel-1A,IW,ASCENDING,48,79,20770,VV+VH,SLC,https://datapool.asf.alaska.edu/SLC/SA/S1A_IW_SLC__1SDV_20180225T232745_20180225T232812_020770_0239A0_79A6.zip
S1A_IW_SLC__1SDV_20180309T232745_20180309T232812_020945_023F23_5A4D,2018-03-09T23:27:45Z,2018-03-09T23:28:12Z,Sentinel-1A,IW,ASCENDING,48,79,20945,VV+VH,SLC,https://datapool.asf.alaska.edu/SLC/SA/S1A_IW_SLC__1SDV_20180309T232745_20180309T232812_020945_023F23_5A4D.zip
S1A_IW_SLC__1SDV_20180321T232745_20180321T232812_021120_0244B5_C58B,2018-03-21T23:27:45Z,2018-03-21T23:28:12Z,Sentinel-1A,IW,ASCENDING,48,79,21120,VV+VH,SLC,https://datapool.asf.alaska.edu/SLC/SA/S1A_IW_SLC__1SDV_20180321T232745_20180321T232812_021120_0244B5_C58B.zip
S1A_IW_SLC__1SDV_20180402T232746_20180402T232813_021295_024A3C_2A94,2018-04-02T23:27:46Z,2018-04-02T23:28:13Z,Sentinel-1A,IW,ASCENDING,48,79,21295,VV+VH,SLC,https://datapool.asf.alaska.edu/SLC/SA/S1A_IW_SLC__1SDV_20180402T232746_20180402T232813_021295_024A3C_2A94.zip
S1A_IW_SLC__1SDV_20180414T232746_20180414T232813_021470_024FAD_8C5F,2018-04-14T23:27:46Z,2018-04-14T23:28:13Z,Sentinel-1A,IW,ASCENDING,48,79,21470,VV+VH,SLC,https://datapool.asf.alaska.edu/SLC/SA/S1A_IW_SLC__1SDV_20180414T232746_20180414T232813_021470_024FAD_8C5F.zip
S1A_IW_SLC__1SDV_20180426T232747_20180426T232814_021645_025521_8D33,2018-04-26T23:27:47Z,2018-04-26T23:28:14Z,Sentinel-1A,IW,ASCENDING,48,79,21645,VV+VH,SLC,https://datapool.asf.alaska.edu/SLC/SA/S1A_IW_SLC__1SDV_20180426T232747_20180426T232814_021645_025521_8D33.zip
S1A_IW_SLC__1SDV_20180508T232747_20180508T232814_021820_025AB0_3032,2018-05-08T23:27:47Z,2018-05-08T23:28:14Z,Sentinel-1A,IW,ASCENDING,48,79,21820,VV+VH,SLC,https://datapool.asf.alaska.edu/SLC/SA/S1A_IW_SLC__1SDV_20180508T232747_20180508T232814_021820_025AB0_3032.zip
S1A_IW_SLC__1SDV_20180520T232748_20180520T232815_021995_026044_E046,2018-05-20T23:27:48Z,2018-05-20T23:28:15Z,Sentinel-1A,IW,ASCENDING,48,79,21995,VV+VH,SLC,https://datapool.asf.alaska.edu/SLC/SA/S1A_IW_SLC__1SDV_20180520T232748_20180520T232815_021995_026044_E046.zip
S1A_IW_SLC__1SDV_20180613T232750_20180613T232817_022345_026B4C_2DDA,2018-06-13T23:27:50Z,2018-06-13T23:28:17Z,Sentinel-1A,IW,ASCENDING,48,79,22345,VV+VH,SLC,https://datapool.asf.alaska.edu/SLC/SA/S1A_IW_SLC__1SDV_20180613T232750_20180613T232817_022345_026B4C_2DDA.zip
S1A_IW_SLC__1SDV_20180625T232750_20180625T232817_022520_027070_1852,2018-06-25T23:27:50Z,2018-06-25T23:28:17Z,Sentinel-1A,IW,ASCENDING,48,79,22520,VV+VH,SLC,https://datapool.asf.alaska.edu/SLC/SA/S1A_IW_SLC__1SDV_20180625T232750_20180625T232817_022520_027070_1852.zip
S1A_IW_SLC__1SDV_20180707T232751_20180707T232818_022695_027589_C3C5,2018-07-07T23:27:51Z,2018-07-07T23:28:18Z,Sentinel-1A,IW,ASCENDING,48,79,22695,VV+VH,SLC,https://datapool.asf.alaska.edu/SLC/SA/S1A_IW_SLC__1SDV_20180707T232751_20180707T232818_022695_027589_C3C5.zip
S1A_IW_SLC__1SDV_20180719T232752_20180719T232819_022870_027AE6_DB8E,2018-07-19T23:27:52Z,2018-07-19T23:28:19Z,Sentinel-1A,IW,ASCENDING,48,79,22870,VV+VH,SLC,https://datapool.asf.alaska.edu/SLC/SA/S1A_IW_SLC__1SDV_20180719T232752_20180719T232819_022870_027AE6_DB8E.zip
S1A_IW_SLC__1SDV_20180731T232752_20180731T232819_023045_02806F_5281,2018-07-31T23:27:52Z,2018-07-31T23:28:19Z,Sentinel-1A,IW,ASCENDING,48,79,23045,VV+VH,SLC,https://datapool.asf.alaska.edu/SLC/SA/S1A_IW_SLC__1SDV_20180731T232752_20180731T232819_023045_02806F_5281.zip
S1A_IW_SLC__1SDV_20180824T232754_20180824T232821_023395_028BA7_5FAE,2018-08-24T23:27:54Z,2018-08-24T23:28:21Z,Sentinel-1A,IW,ASCENDING,48,79,23395,VV+VH,SLC,https://datapool.asf.alaska.edu/SLC/SA/S1A_IW_SLC__1SDV_20180824T232754_20180824T232821_023395_028BA7_5FAE.zip
S1A_IW_SLC__1SDV_20180905T232754_20180905T232821_023570_02913D_B46F,2018-09-05T23:27:54Z,2018-09-05T23:28:21Z,Sentinel-1A,IW,ASCENDING,48,79,23570,VV+VH,SLC,https://datapool.asf.alaska.edu/SLC/SA/S1A_IW_SLC__1SDV_20180905T232754_20180905T232821_023570_02913D_B46F.zip
S1A_IW_SLC__1SDV_20180917T232755_20180917T232822_023745_0296D5_DEF5,2018-09-17T23:27:55Z,2018-09-17T23:28:22Z,Sentinel-1A,IW,ASCENDING,48,79,23745,VV+VH,SLC,https://datapool.asf.alaska.edu/SLC/SA/S1A_IW_SLC__1SDV_20180917T232755_20180917T232822_023745_0296D5_DEF5.zip
S1A_IW_SLC__1SDV_20180929T232755_20180929T232822_023920_029C84_163B,2018-09-29T23:27:55Z,2018-09-29T23:28:22Z,Sentinel-1A,IW,ASCENDING,48,79,23920,VV+VH,SLC,https://datapool.asf.alaska.edu/SLC/SA/S1A_IW_SLC__1SDV_20180929T232755_20180929T232822_023920_029C84_163B.zip
S1A_IW_SLC__1SDV_20181011T232755_20181011T232823_024095_02A244_A6ED,2018-10-11T23:27:55Z,2018-10-11T23:28:23Z,Sentinel-1A,IW,ASCENDING,48,79,24095,VV+VH,SLC,https://datapool.asf.alaska.edu/SLC/SA/S1A_IW_SLC__1SDV_20181011T232755_20181011T232823_024095_02A244_A6ED.zip
S1A_IW_SLC__1SDV_20181023T232755_20181023T232822_024270_02A7F3_9A3B,2018-10-23T23:27:55Z,2018-10-23T23:28:22Z,Sentinel-1A,IW,ASCENDING,48,79,24270,VV+VH,SLC,https://datapool.asf.alaska.edu/SLC/SA/S1A_IW_SLC__1SDV_20181023T232755_20181023T232822_024270_02A7F3_9A3B.zip
S1A_IW_SLC__1SDV_20181104T232755_20181104T232822_024445_02ADE1_5657,2018-11-04T23:27:55Z,2018-11-04T23:28:22Z,Sentinel-1A,IW,ASCENDING,48,79,24445,VV+VH,SLC,https://datapool.asf.alaska.edu/SLC/SA/S1A_IW_SLC__1SDV_20181104T232755_20181104T232822_024445_02ADE1_5657.zip
S1A_IW_SLC__1SDV_20181116T232755_20181116T232822_024620_02B448_0611,2018-11-16T23:27:55Z,2018-11-16T23:28:22Z,Sentinel-1A,IW,ASCENDING,48,79,24620,VV+VH,SLC,https://datapool.asf.alaska.edu/SLC/SA/S1A_IW_SLC__1SDV_20181116T232755_20181116T232822_024620_02B448_0611.zip
S1A_IW_SLC__1SDV_20181128T232754_20181128T232821_024795_02BAAF_5C94,2018-11-28T23:27:54Z,2018-11-28T23:28:21Z,Sentinel-1A,IW,ASCENDING,48,79,24795,VV+VH,SLC,https://datapool.asf.alaska.edu/SLC/SA/S1A_IW_SLC__1SDV_20181128T232754_20181128T232821_024795_02BAAF_5C94.zip
S1A_IW_SLC__1SDV_20181210T232754_20181210T232821_024970_02C099_2EA2,2018-12-10T23:27:54Z,2018-12-10T23:28:21Z,Sentinel-1A,IW,ASCENDING,48,79,24970,VV+VH,SLC,https://datapool.asf.alaska.edu/SLC/SA/S1A_IW_SLC__1SDV_20181210T232754_20181210T232821_024970_02C099_2EA2.zip
S1A_IW_SLC__1SDV_20190103T232753_20190103T232820_025320_02CD35_86D9,2019-01-03T23:27:53Z,2019-01-03T23:28:20Z,Sentinel-1A,IW,ASCENDING,48,79,25320,VV+VH,SLC,https://datapool.asf.alaska.edu/SLC/SA/S1A_IW_SLC__1SDV_20190103T232753_20190103T232820_025320_02CD35_86D9.zip
S1A_IW_SLC__1SDV_20190115T232753_20190115T232820_025495_02D387_CF4C,2019-01-15T23:27:53Z,2019-01-15T23:28:20Z,Sentinel-1A,IW,ASCENDING,48,79,25495,VV+VH,SLC,https://datapool.asf.alaska.edu/SLC/SA/S1A_IW_SLC__1SDV_20190115T232753_20190115T232820_025495_02D387_CF4C.zip
S1A_IW_SLC__1SDV_20190127T232752_20190127T232819_025670_02D9F1_8881,2019-01-27T23:27:52Z,2019-01-27T23:28:19Z,Sentinel-1A,IW,ASCENDING,48,79,25670,VV+VH,SLC,https://datapool.asf.alaska.edu/SLC/SA/S1A_IW_SLC__1SDV_20190127T232752_20190127T232819_025670_02D9F1_8881.zip
S1A_IW_SLC__1SDV_20190208T232752_20190208T232819_025845_02E03A_1FB1,2019-02-08T23:27:52Z,2019-02-08T23:28:19Z,Sentinel-1A,IW,ASCENDING,48,79,25845,VV+VH,SLC,https://datapool.asf.alaska.edu/SLC/SA/S1A_IW_SLC__1SDV_20190208T232752_20190208T232819_025845_02E03A_1FB1.zip
S1A_IW_SLC__1SDV_20190220T232752_20190220T232819_026020_02E671_CCB3,2019-02-20T23:27:52Z,2019-02-20T23:28:19Z,Sentinel-1A,IW,ASCENDING,48,79,26020,VV+VH,SLC,https://datapool.asf.alaska.edu/SLC/SA/S1A_IW_SLC__1SDV_20190220T232752_20190220T232819_026020_02E671_CCB3.zip
S1A_IW_SLC__1SDV_20190304T232752_20190304T232819_026195_02ECBC_2435,2019-03-04T23:27:52Z,2019-03-04T23:28:19Z,Sentinel-1A,IW,ASCENDING,48,79,26195,VV+VH,SLC,https://datapool.asf.alaska.edu/SLC/SA/S1A_IW_SLC__1SDV_20190304T232752_20190304T232819_026195_02ECBC_2435.zip
S1A_IW_SLC__1SDV_20190316T232752_20190316T232819_026370_02F328_3AA1,2019-03-16T23:27:52Z,2019-03-16T23:28:19Z,Sentinel-1A,IW,ASCENDING,48,79,26370,VV+VH,SLC,https://datapool.asf.alaska.edu/SLC/SA/S1A_IW_SLC__1SDV_20190316T232752_20190316T232819_026370_02F328_3AA1.zip
S1A_IW_SLC__1SDV_20190328T232752_20190328T232819_026545_02F991_F666,2019-03-28T23:27:52Z,2019-03-28T23:28:19Z,Sentinel-1A,IW,ASCENDING,48,79,26545,VV+VH,SLC,https://datapool.asf.alaska.edu/SLC/SA/S1A_IW_SLC__1SDV_20190328T232752_20190328T232819_026545_02F991_F666.zip
S1A_IW_SLC__1SDV_20190409T232752_20190409T232819_026720_030004_0BA9,2019-04-09T23:27:52Z,2019-04-09T23:28:19Z,Sentinel-1A,IW,ASCENDING,48,79,26720,VV+VH,SLC,https://datapool.asf.alaska.edu/SLC/SA/S1A_IW_SLC__1SDV_20190409T232752_20190409T232819_026720_030004_0BA9.zip
S1A_IW_SLC__1SDV_20190421T232753_20190421T232820_026895_030650_70B4,2019-04-21T23:27:53Z,2019-04-21T23:28:20Z,Sentinel-1A,IW,ASCENDING,48,79,26895,VV+VH,SLC,https://datapool.asf.alaska.edu/SLC/SA/S1A_IW_SLC__1SDV_20190421T232753_20190421T232820_026895_030650_70B4.zip
S1A_IW_SLC__1SDV_20190503T232753_20190503T232820_027070_030CB3_3B6B,2019-05-03T23:27:53Z,2019-05-03T23:28:20Z,Sentinel-1A,IW,ASCENDING,48,79,27070,VV+VH,SLC,https://datapool.asf.alaska.edu/SLC/SA/S1A_IW_SLC__1SDV_20190503T232753_20190503T232820_027070_030CB3_3B6B.zip
S1A_IW_SLC__1SDV_20190515T232754_20190515T232821_027245_031266_E8DF,2019-05-15T23:27:54Z,2019-05-15T23:28:21Z,Sentinel-1A,IW,ASCENDING,48,79,27245,VV+VH,SLC,https://datapool.asf.alaska.edu/SLC/SA/S1A_IW_SLC__1SDV_20190515T232754_20190515T232821_027245_031266_E8DF.zip
S1A_IW_SLC__1SDV_20190527T232754_20190527T232821_027420_0317DA_7BB3,2019-05-27T23:27:54Z,2019-05-27T23:28:21Z,Sentinel-1A,IW,ASCENDING,48,79,27420,VV+VH,SLC,https://datapool.asf.alaska.edu/SLC/SA/S1A_IW_SLC__1SDV_20190527T232754_20190527T232821_027420_0317DA_7BB3.zip
S1A_IW_SLC__1SDV_20190608T232755_20190608T232822_027595_031D38_73F4,2019-06-08T23:27:55Z,2019-06-08T23:28:22Z,Sentinel-1A,IW,ASCENDING,48,79,27595,VV+VH,SLC,https://datapool.asf.alaska.edu/SLC/SA/S1A_IW_SLC__1SDV_20190608T232755_20190608T232822_027595_031D38_73F4.zip
S1A_IW_SLC__1SDV_20190620T232756_20190620T232823_027770_032270_9E48,2019-06-20T23:27:56Z,2019-06-20T23:28:23Z,Sentinel-1A,IW,ASCENDING,48,79,27770,VV+VH,SLC,https://datapool.asf.alaska.edu/SLC/SA/S1A_IW_SLC__1SDV_20190620T232756_20190620T232823_027770_032270_9E48.zip
S1A_IW_SLC__1SDV_20190702T232757_20190702T232824_027945_0327BA_E87A,2019-07-02T23:27:57Z,2019-07-02T23:28:24Z,Sentinel-1A,IW,ASCENDING,48,79,27945,VV+VH,SLC,https://datapool.asf.alaska.edu/SLC/SA/S1A_IW_SLC__1SDV_20190702T232757_20190702T232824_027945_0327BA_E87A.zip
S1A_IW_SLC__1SDV_20190714T232757_20190714T232824_028120_032D04_C949,2019-07-14T23:27:57Z,2019-07-14T23:28:24Z,Sentinel-1A,IW,ASCENDING,48,79,28120,VV+VH,SLC,https://datapool.asf.alaska.edu/SLC/SA/S1A_IW_SLC__1SDV_20190714T232757_20190714T232824_028120_032D04_C949.zip
S1A_IW_SLC__1SDV_20190726T232758_20190726T232825_028295_033258_BA5C,2019-07-26T23:27:58Z,2019-07-26T23:28:25Z,Sentinel-1A,IW,ASCENDING,48,79,28295,VV+VH,SLC,https://datapool.asf.alaska.edu/SLC/SA/S1A_IW_SLC__1SDV_20190726T232758_20190726T232825_028295_033258_BA5C.zip
S1A_IW_SLC__1SDV_20190807T232759_20190807T232826_028470_0337B4_A332,2019-08-07T23:27:59Z,2019-08-07T23:28:26Z,Sentinel-1A,IW,ASCENDING,48,79,28470,VV+VH,SLC,https://datapool.asf.alaska.edu/SLC/SA/S1A_IW_SLC__1SDV_20190807T232759_20190807T232826_028470_0337B4_A332.zip
S1A_IW_SLC__1SDV_20190819T232800_20190819T232827_028645_033DC2_D8FA,2019-08-19T23:28:00Z,2019-08-19T23:28:27Z,Sentinel-1A,IW,ASCENDING,48,79,28645,VV+VH,SLC,https://datapool.asf.alaska.edu/SLC/SA/S1A_IW_SLC__1SDV_20190819T232800_20190819T232827_028645_033DC2_D8FA.zip
S1A_IW_SLC__1SDV_20190831T232800_20190831T232827_028820_0343E0_CA6C,2019-08-31T23:28:00Z,2019-08-31T23:28:27Z,Sentinel-1A,IW,ASCENDING,48,79,28820,VV+VH,SLC,https://datapool.asf.alaska.edu/SLC/SA/S1A_IW_SLC__1SDV_20190831T232800_20190831T232827_028820_0343E0_CA6C.zip
S1B_IW_SLC__1SDV_20190906T232711_20190906T232739_017924_021BBF_FE66,2019-09-06T23:27:11Z,2019-09-06T23:27:39Z,Sentinel-1B,IW,ASCENDING,48,77,17924,VV+VH,SLC,https://datapool.asf.alaska.edu/SLC/SB/S1B_IW_SLC__1SDV_20190906T232711_20190906T232739_017924_021BBF_FE66.zip
S1A_IW_SLC__1SDV_20190912T232801_20190912T232828_028995_0349F2_BC7C,2019-09-12T23:28:01Z,2019-09-12T23:28:28Z,Sentinel-1A,IW,ASCENDING,48,79,28995,VV+VH,SLC,https://datapool.asf.alaska.edu/SLC/SA/S1A_IW_SLC__1SDV_20190912T232801_20190912T232828_028995_0349F2_BC7C.zip
S1A_IW_SLC__1SDV_20190924T232801_20190924T232828_029170_034FEB_45D7,2019-09-24T23:28:01Z,2019-09-24T23:28:28Z,Sentinel-1A,IW,ASCENDING,48,79,29170,VV+VH,SLC,https://datapool.asf.alaska.edu/SLC/SA/S1A_IW_SLC__1SDV_20190924T232801_20190924T232828_029170_034FEB_45D7.zip
S1A_IW_SLC__1SDV_20191006T232801_20191006T232828_029345_0355F6_00CD,2019-10-06T23:28:01Z,2019-10-06T23:28:28Z,Sentinel-1A,IW,ASCENDING,48,79,29345,VV+VH,SLC,https://datapool.asf.alaska.edu/SLC/SA/S1A_IW_SLC__1SDV_20191006T232801_20191006T232828_029345_0355F6_00CD.zip
S1A_IW_SLC__1SDV_20191018T232801_20191018T232828_029520_035BFC_0D3E,2019-10-18T23:28:01Z,2019-10-18T23:28:28Z,Sentinel-1A,IW,ASCENDING,48,79,29520,VV+VH,SLC,https://datapool.asf.alaska.edu/SLC/SA/S1A_IW_SLC__1SDV_20191018T232801_20191018T232828_029520_035BFC_0D3E.zip
S1A_IW_SLC__1SDV_20191030T232801_20191030T232828_029695_036214_DF70,2019-10-30T23:28:01Z,2019-10-30T23:28:28Z,Sentinel-1A,IW,ASCENDING,48,79,29695,VV+VH,SLC,https://datapool.asf.alaska.edu/SLC/SA/S1A_IW_SLC__1SDV_20191030T232801_20191030T232828_029695_036214_DF70.zip
S1A_IW_SLC__1SDV_20191111T232802_20191111T232828_029870_036834_B5AC,2019-11-11T23:28:02Z,2019-11-11T23:28:28Z,Sentinel-1A,IW,ASCENDING,48,79,29870,VV+VH,SLC,https://datapool.asf.alaska.edu/SLC/SA/S1A_IW_SLC__1SDV_20191111T232802_20191111T232828_029870_036834_B5AC.zip
S1A_IW_SLC__1SDV_20191123T232801_20191123T232828_030045_036E42_1D76,2019-11-23T23:28:01Z,2019-11-23T23:28:28Z,Sentinel-1A,IW,ASCENDING,48,79,30045,VV+VH,SLC,https://datapool.asf.alaska.edu/SLC/SA/S1A_IW_SLC__1SDV_20191123T232801_20191123T232828_030045_036E42_1D76.zip
S1A_IW_SLC__1SDV_20191205T232801_20191205T232828_030220_037450_8ECA,2019-12-05T23:28:01Z,2019-12-05T23:28:28Z,Sentinel-1A,IW,ASCENDING,48,79,30220,VV+VH,SLC,https://datapool.asf.alaska.edu/SLC/SA/S1A_IW_SLC__1SDV_20191205T232801_20191205T232828_030220_037450_8ECA.zip
S1A_IW_SLC__1SDV_20191217T232800_20191217T232827_030395_037A61_57E3,2019-12-17T23:28:00Z,2019-12-17T23:28:27Z,Sentinel-1A,IW,ASCENDING,48,79,30395,VV+VH,SLC,https://datapool.asf.alaska.edu/SLC/SA/S1A_IW_SLC__1SDV_20191217T232800_20191217T232827_030395_037A61_57E3.zip
S1A_IW_SLC__1SDV_20191229T232800_20191229T232827_030570_038062_375E,2019-12-29T23:28:00Z,2019-12-29T23:28:27Z,Sentinel-1A,IW,ASCENDING,48,79,30570,VV+VH,SLC,https://datapool.asf.alaska.edu/SLC/SA/S1A_IW_SLC__1SDV_20191229T232800_20191229T232827_030570_038062_375E.zip
S1A_IW_SLC__1SDV_20200110T232759_20200110T232826_030745_038670_2180,2020-01-10T23:27:59Z,2020-01-10T23:28:26Z,Sentinel-1A,IW,ASCENDING,48,79,30745,VV+VH,SLC,https://datapool.asf.alaska.edu/SLC/SA/S1A_IW_SLC__1SDV_20200110T232759_20200110T232826_030745_038670_2180.zip
S1A_IW_SLC__1SDV_20200122T232759_20200122T232826_030920_038C97_B1BF,2020-01-22T23:27:59Z,2020-01-22T23:28:26Z,Sentinel-1A,IW,ASCENDING,48,79,30920,VV+VH,SLC,https://datapool.asf.alaska.edu/SLC/SA/S1A_IW_SLC__1SDV_20200122T232759_20200122T232826_030920_038C97_B1BF.zip
S1A_IW_SLC__1SDV_20200203T232758_20200203T232825_031095_0392BD_953A,2020-02-03T23:27:58Z,2020-02-03T23:28:25Z,Sentinel-1A,IW,ASCENDING,48,79,31095,VV+VH,SLC,https://datapool.asf.alaska.edu/SLC/SA/S1A_IW_SLC__1SDV_20200203T232758_20200203T232825_031095_0392BD_953A.zip
S1A_IW_SLC__1SDV_20200215T232758_20200215T232825_031270_0398C7_5EF7,2020-02-15T23:27:58Z,2020-02-15T23:28:25Z,Sentinel-1A,IW,ASCENDING,48,79,31270,VV+VH,SLC,https://datapool.asf.alaska.edu/SLC/SA/S1A_IW_SLC__1SDV_20200215T232758_20200215T232825_031270_0398C7_5EF7.zip
S1A_IW_SLC__1SDV_20200227T232758_20200227T232825_031445_039ECB_B7A7,2020-02-27T23:27:58Z,2020-02-27T23:28:25Z,Sentinel-1A,IW,ASCENDING,48,79,31445,VV+VH,SLC,https://datapool.asf.alaska.edu/SLC/SA/S1A_IW_SLC__1SDV_20200227T232758_20200227T232825_031445_039ECB_B7A7.zip
S1A_IW_SLC__1SDV_20200310T232758_20200310T232825_031620_03A4E0_F7AC,2020-03-10T23:27:58Z,2020-03-10T23:28:25Z,Sentinel-1A,IW,ASCENDING,48,79,31620,VV+VH,SLC,https://datapool.asf.alaska.edu/SLC/SA/S1A_IW_SLC__1SDV_20200310T232758_20200310T232825_031620_03A4E0_F7AC.zip
S1A_IW_SLC__1SDV_20200322T232758_20200322T232825_031795_03AB06_30FB,2020-03-22T23:27:58Z,2020-03-22T23:28:25Z,Sentinel-1A,IW,ASCENDING,48,79,31795,VV+VH,SLC,https://datapool.asf.alaska.edu/SLC/SA/S1A_IW_SLC__1SDV_20200322T232758_20200322T232825_031795_03AB06_30FB.zip
S1A_IW_SLC__1SDV_20200403T232759_20200403T232826_031970_03B12E_8FF2,2020-04-03T23:27:59Z,2020-04-03T23:28:26Z,Sentinel-1A,IW,ASCENDING,48,79,31970,VV+VH,SLC,https://datapool.asf.alaska.edu/SLC/SA/S1A_IW_SLC__1SDV_20200403T232759_20200403T232826_031970_03B12E_8FF2.zip
S1A_IW_SLC__1SDV_20200415T232759_20200415T232826_032145_03B757_9DEE,2020-04-15T23:27:59Z,2020-04-15T23:28:26Z,Sentinel-1A,IW,ASCENDING,48,79,32145,VV+VH,SLC,https://datapool.asf.alaska.edu/SLC/SA/S1A_IW_SLC__1SDV_20200415T232759_20200415T232826_032145_03B757_9DEE.zip
S1A_IW_SLC__1SDV_20200427T232800_20200427T232826_032320_03BD7D_3F1C,2020-04-27T23:28:00Z,2020-04-27T23:28:26Z,Sentinel-1A,IW,ASCENDING,48,79,32320,VV+VH,SLC,https://datapool.asf.alaska.edu/SLC/SA/S1A_IW_SLC__1SDV_20200427T232800_20200427T232826_032320_03BD7D_3F1C.zip
S1A_IW_SLC__1SDV_20200509T232800_20200509T232827_032495_03C361_FD7E,2020-05-09T23:28:00Z,2020-05-09T23:28:27Z,Sentinel-1A,IW,ASCENDING,48,79,32495,VV+VH,SLC,https://datapool.asf.alaska.edu/SLC/SA/S1A_IW_SLC__1SDV_20200509T232800_20200509T232827_032495_03C361_FD7E.zip
S1A_IW_SLC__1SDV_20200521T232801_20200521T232828_032670_03C8AB_A085,2020-05-21T23:28:01Z,2020-05-21T23:28:28Z,Sentinel-1A,IW,ASCENDING,48,79,32670,VV+VH,SLC,https://datapool.asf.alaska.edu/SLC/SA/S1A_IW_SLC__1SDV_20200521T232801_20200521T232828_032670_03C8AB_A085.zip
S1A_IW_SLC__1SDV_20200602T232801_20200602T232828_032845_03CDEA_633B,2020-06-02T23:28:01Z,2020-06-02T23:28:28Z,Sentinel-1A,IW,ASCENDING,48,79,32845,VV+VH,SLC,https://datapool.asf.alaska.edu/SLC/SA/S1A_IW_SLC__1SDV_20200602T232801_20200602T232828_032845_03CDEA_633B.zip
S1A_IW_SLC__1SDV_20200614T232802_20200614T232829_033020_03D31F_FE58,2020-06-14T23:28:02Z,2020-06-14T23:28:29Z,Sentinel-1A,IW,ASCENDING,48,79,33020,VV+VH,SLC,https://datapool.asf.alaska.edu/SLC/SA/S1A_IW_SLC__1SDV_20200614T232802_20200614T232829_033020_03D31F_FE58.zip
S1A_IW_SLC__1SDV_20200626T232803_20200626T232830_033195_03D86F_EA78,2020-06-26T23:28:03Z,2020-06-26T23:28:30Z,Sentinel-1A,IW,ASCENDING,48,79,33195,VV+VH,SLC,https://datapool.asf.alaska.edu/SLC/SA/S1A_IW_SLC__1SDV_20200626T232803_20200626T232830_033195_03D86F_EA78.zip
S1A_IW_SLC__1SDV_20200708T232804_20200708T232830_033370_03DDC0_43AC,2020-07-08T23:28:04Z,2020-07-08T23:28:30Z,Sentinel-1A,IW,ASCENDING,48,79,33370,VV+VH,SLC,https://datapool.asf.alaska.edu/SLC/SA/S1A_IW_SLC__1SDV_20200708T232804_20200708T232830_033370_03DDC0_43AC.zip
S1A_IW_SLC__1SDV_20200720T232804_20200720T232831_033545_03E31A_FECB,2020-07-20T23:28:04Z,2020-07-20T23:28:31Z,Sentinel-1A,IW,ASCENDING,48,79,33545,VV+VH,SLC,https://datapool.asf.alaska.edu/SLC/SA/S1A_IW_SLC__1SDV_20200720T232804_20200720T232831_033545_03E31A_FECB.zip
S1A_IW_SLC__1SDV_20200801T232805_20200801T232832_033720_03E87E_A1FB,2020-08-01T23:28:05Z,2020-08-01T23:28:32Z,Sentinel-1A,IW,ASCENDING,48,79,33720,VV+VH,SLC,https://datapool.asf.alaska.edu/SLC/SA/S1A_IW_SLC__1SDV_20200801T232805_20200801T232832_033720_03E87E_A1FB.zip
S1A_IW_SLC__1SDV_20200813T232806_20200813T232833_033895_03EE62_7B6C,2020-08-13T23:28:06Z,2020-08-13T23:28:33Z,Sentinel-1A,IW,ASCENDING,48,79,33895,VV+VH,SLC,https://datapool.asf.alaska.edu/SLC/SA/S1A_IW_SLC__1SDV_20200813T232806_20200813T232833_033895_03EE62_7B6C.zip
S1A_IW_SLC__1SDV_20200825T232807_20200825T232834_034070_03F49A_6EDF,2020-08-25T23:28:07Z,2020-08-25T23:28:34Z,Sentinel-1A,IW,ASCENDING,48,79,34070,VV+VH,SLC,https://datapool.asf.alaska.edu/SLC/SA/S1A_IW_SLC__1SDV_20200825T232807_20200825T232834_034070_03F49A_6EDF.zip
S1A_IW_SLC__1SDV_20200906T232810_20200906T232837_034245_03FABC_1CFC,2020-09-06T23:28:10Z,2020-09-06T23:28:37Z,Sentinel-1A,IW,ASCENDING,48,79,34245,VV+VH,SLC,https://datapool.asf.alaska.edu/SLC/SA/S1A_IW_SLC__1SDV_20200906T232810_20200906T232837_034245_03FABC_1CFC.zip
S1A_IW_SLC__1SDV_20200930T232808_20200930T232835_034595_040718_AE46,2020-09-30T23:28:08Z,2020-09-30T23:28:35Z,Sentinel-1A,IW,ASCENDING,48,79,34595,VV+VH,SLC,https://datapool.asf.alaska.edu/SLC/SA/S1A_IW_SLC__1SDV_20200930T232808_20200930T232835_034595_040718_AE46.zip
S1A_IW_SLC__1SDV_20201012T232808_20201012T232835_034770_040D2D_7BEA,2020-10-12T23:28:08Z,2020-10-12T23:28:35Z,Sentinel-1A,IW,ASCENDING,48,79,34770,VV+VH,SLC,https://datapool.asf.alaska.edu/SLC/SA/S1A_IW_SLC__1SDV_20201012T232808_20201012T232835_034770_040D2D_7BEA.zip
S1A_IW_SLC__1SDV_20201024T232808_20201024T232835_034945_041342_C18C,2020-10-24T23:28:08Z,2020-10-24T23:28:35Z,Sentinel-1A,IW,ASCENDING,48,79,34945,VV+VH,SLC,https://datapool.asf.alaska.edu/SLC/SA/S1A_IW_SLC__1SDV_20201024T232808_20201024T232835_034945_041342_C18C.zip
S1A_IW_SLC__1SDV_20201105T232808_20201105T232835_035120_04193F_4F15,2020-11-05T23:28:08Z,2020-11-05T23:28:35Z,Sentinel-1A,IW,ASCENDING,48,79,35120,VV+VH,SLC,https://datapool.asf.alaska.edu/SLC/SA/S1A_IW_SLC__1SDV_20201105T232808_20201105T232835_035120_04193F_4F15.zip
S1A_IW_SLC__1SDV_20201129T232807_20201129T232834_035470_04256C_8F0A,2020-11-29T23:28:07Z,2020-11-29T23:28:34Z,Sentinel-1A,IW,ASCENDING,48,79,35470,VV+VH,SLC,https://datapool.asf.alaska.edu/SLC/SA/S1A_IW_SLC__1SDV_20201129T232807_20201129T232834_035470_04256C_8F0A.zip
S1A_IW_SLC__1SDV_20201211T232807_20201211T232834_035645_042B6D_F403,2020-12-11T23:28:07Z,2020-12-11T23:28:34Z,Sentinel-1A,IW,ASCENDING,48,79,35645,VV+VH,SLC,https://datapool.asf.alaska.edu/SLC/SA/S1A_IW_SLC__1SDV_20201211T232807_20201211T232834_035645_042B6D_F403.zip
S1A_IW_SLC__1SDV_20201223T232806_20201223T232833_035820_043175_5682,2020-12-23T23:28:06Z,2020-12-23T23:28:33Z,Sentinel-1A,IW,ASCENDING,48,79,35820,VV+VH,SLC,https://datapool.asf.alaska.edu/SLC/SA/S1A_IW_SLC__1SDV_20201223T232806_20201223T232833_035820_043175_5682.zip
S1A_IW_SLC__1SDV_20210104T232805_20210104T232832_035995_043786_CFFA,2021-01-04T23:28:05Z,2021-01-04T23:28:32Z,Sentinel-1A,IW,ASCENDING,48,79,35995,VV+VH,SLC,https://datapool.asf.alaska.edu/SLC/SA/S1A_IW_SLC__1SDV_20210104T232805_20210104T232832_035995_043786_CFFA.zip
S1A_IW_SLC__1SDV_20210128T232805_20210128T232832_036345_0443C5_C46A,2021-01-28T23:28:05Z,2021-01-28T23:28:32Z,Sentinel-1A,IW,ASCENDING,48,79,36345,VV+VH,SLC,https://datapool.asf.alaska.edu/SLC/SA/S1A_IW_SLC__1SDV_20210128T232805_20210128T232832_036345_0443C5_C46A.zip
S1A_IW_SLC__1SDV_20210209T232804_20210209T232831_036520_0449D8_25EA,2021-02-09T23:28:04Z,2021-02-09T23:28:31Z,Sentinel-1A,IW,ASCENDING,48,79,36520,VV+VH,SLC,https://datapool.asf.alaska.edu/SLC/SA/S1A_IW_SLC__1SDV_20210209T232804_20210209T232831_036520_0449D8_25EA.zip
S1A_IW_SLC__1SDV_20210221T232804_20210221T232831_036695_044FF7_EFAE,2021-02-21T23:28:04Z,2021-02-21T23:28:31Z,Sentinel-1A,IW,ASCENDING,48,79,36695,VV+VH,SLC,https://datapool.asf.alaska.edu/SLC/SA/S1A_IW_SLC__1SDV_20210221T232804_20210221T232831_036695_044FF7_EFAE.zip
S1A_IW_SLC__1SDV_20210305T232804_20210305T232831_036870_045603_5A92,2021-03-05T23:28:04Z,2021-03-05T23:28:31Z,Sentinel-1A,IW,ASCENDING,48,79,36870,VV+VH,SLC,https://datapool.asf.alaska.edu/SLC/SA/S1A_IW_SLC__1SDV_20210305T232804_20210305T232831_036870_045603_5A92.zip
S1A_IW_SLC__1SDV_20210317T232804_20210317T232831_037045_045C25_A23B,2021-03-17T23:28:04Z,2021-03-17T23:28:31Z,Sentinel-1A,IW,ASCENDING,48,79,37045,VV+VH,SLC,https://datapool.asf.alaska.edu/SLC/SA/S1A_IW_SLC__1SDV_20210317T232804_20210317T232831_037045_045C25_A23B.zip
S1A_IW_SLC__1SDV_20210329T232804_20210329T232831_037220_04622F_B075,2021-03-29T23:28:04Z,2021-03-29T23:28:31Z,Sentinel-1A,IW,ASCENDING,48,79,37220,VV+VH,SLC,https://datapool.asf.alaska.edu/SLC/SA/S1A_IW_SLC__1SDV_20210329T232804_20210329T232831_037220_04622F_B075.zip
S1A_IW_SLC__1SDV_20210410T232805_20210410T232832_037395_046836_DFF9,2021-04-10T23:28:05Z,2021-04-10T23:28:32Z,Sentinel-1A,IW,ASCENDING,48,79,37395,VV+VH,SLC,https://datapool.asf.alaska.edu/SLC/SA/S1A_IW_SLC__1SDV_20210410T232805_20210410T232832_037395_046836_DFF9.zip
S1A_IW_SLC__1SDV_20210422T232805_20210422T232832_037570_046E47_3752,2021-04-22T23:28:05Z,2021-04-22T23:28:32Z,Sentinel-1A,IW,ASCENDING,48,79,37570,VV+VH,SLC,https://datapool.asf.alaska.edu/SLC/SA/S1A_IW_SLC__1SDV_20210422T232805_20210422T232832_037570_046E47_3752.zip
S1A_IW_SLC__1SDV_20210504T232806_20210504T232833_037745_047461_616E,2021-05-04T23:28:06Z,2021-05-04T23:28:33Z,Sentinel-1A,IW,ASCENDING,48,79,37745,VV+VH,SLC,https://datapool.asf.alaska.edu/SLC/SA/S1A_IW_SLC__1SDV_20210504T232806_20210504T232833_037745_047461_616E.zip
S1A_IW_SLC__1SDV_20210516T232806_20210516T232833_037920_0479A8_620A,2021-05-16T23:28:06Z,2021-05-16T23:28:33Z,Sentinel-1A,IW,ASCENDING,48,79,37920,VV+VH,SLC,https://datapool.asf.alaska.edu/SLC/SA/S1A_IW_SLC__1SDV_20210516T232806_20210516T232833_037920_0479A8_620A.zip
S1A_IW_SLC__1SDV_20210528T232807_20210528T232834_038095_047EF3_9A3B,2021-05-28T23:28:07Z,2021-05-28T23:28:34Z,Sentinel-1A,IW,ASCENDING,48,79,38095,VV+VH,SLC,https://datapool.asf.alaska.edu/SLC/SA/S1A_IW_SLC__1SDV_20210528T232807_20210528T232834_038095_047EF3_9A3B.zip
S1A_IW_SLC__1SDV_20210609T232808_20210609T232835_038270_04841D_41E5,2021-06-09T23:28:08Z,2021-06-09T23:28:35Z,Sentinel-1A,IW,ASCENDING,48,79,38270,VV+VH,SLC,https://datapool.asf.alaska.edu/SLC/SA/S1A_IW_SLC__1SDV_20210609T232808_20210609T232835_038270_04841D_41E5.zip
S1A_IW_SLC__1SDV_20210621T232808_20210621T232835_038445_048959_EE00,2021-06-21T23:28:08Z,2021-06-21T23:28:35Z,Sentinel-1A,IW,ASCENDING,48,79,38445,VV+VH,SLC,https://datapool.asf.alaska.edu/SLC/SA/S1A_IW_SLC__1SDV_20210621T232808_20210621T232835_038445_048959_EE00.zip
S1A_IW_SLC__1SDV_20210703T232809_20210703T232836_038620_048E98_7FDC,2021-07-03T23:28:09Z,2021-07-03T23:28:36Z,Sentinel-1A,IW,ASCENDING,48,79,38620,VV+VH,SLC,https://datapool.asf.alaska.edu/SLC/SA/S1A_IW_SLC__1SDV_20210703T232809_20210703T232836_038620_048E98_7FDC.zip
S1A_IW_SLC__1SDV_20210715T232810_20210715T232837_038795_0493DA_514F,2021-07-15T23:28:10Z,2021-07-15T23:28:37Z,Sentinel-1A,IW,ASCENDING,48,79,38795,VV+VH,SLC,https://datapool.asf.alaska.edu/SLC/SA/S1A_IW_SLC__1SDV_20210715T232810_20210715T232837_038795_0493DA_514F.zip
S1A_IW_SLC__1SDV_20210727T232811_20210727T232838_038970_04991D_CB6D,2021-07-27T23:28:11Z,2021-07-27T23:28:38Z,Sentinel-1A,IW,ASCENDING,48,79,38970,VV+VH,SLC,https://datapool.asf.alaska.edu/SLC/SA/S1A_IW_SLC__1SDV_20210727T232811_20210727T232838_038970_04991D_CB6D.zip
S1A_IW_SLC__1SDV_20210808T232811_20210808T232838_039145_049EAB_899C,2021-08-08T23:28:11Z,2021-08-08T23:28:38Z,Sentinel-1A,IW,ASCENDING,48,79,39145,VV+VH,SLC,https://datapool.asf.alaska.edu/SLC/SA/S1A_IW_SLC__1SDV_20210808T232811_20210808T232838_039145_049EAB_899C.zip
S1A_IW_SLC__1SDV_20210820T232812_20210820T232839_039320_04A4B8_4DA3,2021-08-20T23:28:12Z,2021-08-20T23:28:39Z,Sentinel-1A,IW,ASCENDING,48,79,39320,VV+VH,SLC,https://datapool.asf.alaska.edu/SLC/SA/S1A_IW_SLC__1SDV_20210820T232812_20210820T232839_039320_04A4B8_4DA3.zip
S1A_IW_SLC__1SDV_20210901T232812_20210901T232839_039495_04AAB2_D84D,2021-09-01T23:28:12Z,2021-09-01T23:28:39Z,Sentinel-1A,IW,ASCENDING,48,79,39495,VV+VH,SLC,https://datapool.asf.alaska.edu/SLC/SA/S1A_IW_SLC__1SDV_20210901T232812_20210901T232839_039495_04AAB2_D84D.zip
S1A_IW_SLC__1SDV_20210913T232813_20210913T232840_039670_04B0C3_F42B,2021-09-13T23:28:13Z,2021-09-13T23:28:40Z,Sentinel-1A,IW,ASCENDING,48,79,39670,VV+VH,SLC,https://datapool.asf.alaska.edu/SLC/SA/S1A_IW_SLC__1SDV_20210913T232813_20210913T232840_039670_04B0C3_F42B.zip
S1A_IW_SLC__1SDV_20210925T232813_20210925T232840_039845_04B6AA_3CE2,2021-09-25T23:28:13Z,2021-09-25T23:28:40Z,Sentinel-1A,IW,ASCENDING,48,79,39845,VV+VH,SLC,https://datapool.asf.alaska.edu/SLC/SA/S1A_IW_SLC__1SDV_20210925T232813_20210925T232840_039845_04B6AA_3CE2.zip
S1A_IW_SLC__1SDV_20211007T232814_20211007T232841_040020_04BCB7_E79B,2021-10-07T23:28:14Z,2021-10-07T23:28:41Z,Sentinel-1A,IW,ASCENDING,48,79,40020,VV+VH,SLC,https://datapool.asf.alaska.edu/SLC/SA/S1A_IW_SLC__1SDV_20211007T232814_20211007T232841_040020_04BCB7_E79B.zip
S1A_IW_SLC__1SDV_20211019T232814_20211019T232841_040195_04C2D5_D05C,2021-10-19T23:28:14Z,2021-10-19T23:28:41Z,Sentinel-1A,IW,ASCENDING,48,79,40195,VV+VH,SLC,https://datapool.asf.alaska.edu/SLC/SA/S1A_IW_SLC__1SDV_20211019T232814_20211019T232841_040195_04C2D5_D05C.zip
S1A_IW_SLC__1SDV_20211112T232813_20211112T232840_040545_04CEFE_81F3,2021-11-12T23:28:13Z,2021-11-12T23:28:40Z,Sentinel-1A,IW,ASCENDING,48,79,40545,VV+VH,SLC,https://datapool.asf.alaska.edu/SLC/SA/S1A_IW_SLC__1SDV_20211112T232813_20211112T232840_040545_04CEFE_81F3.zip
S1A_IW_SLC__1SDV_20211124T232813_20211124T232840_040720_04D50D_12C6,2021-11-24T23:28:13Z,2021-11-24T23:28:40Z,Sentinel-1A,IW,ASCENDING,48,79,40720,VV+VH,SLC,https://datapool.asf.alaska.edu/SLC/SA/S1A_IW_SLC__1SDV_20211124T232813_20211124T232840_040720_04D50D_12C6.zip
S1A_IW_SLC__1SDV_20211206T232812_20211206T232839_040895_04DB20_4151,2021-12-06T23:28:12Z,2021-12-06T23:28:39Z,Sentinel-1A,IW,ASCENDING,48,79,40895,VV+VH,SLC,https://datapool.asf.alaska.edu/SLC/SA/S1A_IW_SLC__1SDV_20211206T232812_20211206T232839_040895_04DB20_4151.zip
S1A_IW_SLC__1SDV_20211218T232812_20211218T232839_041070_04E10F_8959,2021-12-18T23:28:12Z,2021-12-18T23:28:39Z,Sentinel-1A,IW,ASCENDING,48,79,41070,VV+VH,SLC,https://datapool.asf.alaska.edu/SLC/SA/S1A_IW_SLC__1SDV_20211218T232812_20211218T232839_041070_04E10F_8959.zip
S1A_IW_SLC__1SDV_20211230T232811_20211230T232838_041245_04E6D6_3D73,2021-12-30T23:28:11Z,2021-12-30T23:28:38Z,Sentinel-1A,IW,ASCENDING,48,79,41245,VV+VH,SLC,https://datapool.asf.alaska.edu/SLC/SA/S1A_IW_SLC__1SDV_20211230T232811_20211230T232838_041245_04E6D6_3D73.zip
S1A_IW_SLC__1SDV_20220111T232811_20220111T232838_041420_04ECCC_B927,2022-01-11T23:28:11Z,2022-01-11T23:28:38Z,Sentinel-1A,IW,ASCENDING,48,79,41420,VV+VH,SLC,https://datapool.asf.alaska.edu/SLC/SA/S1A_IW_SLC__1SDV_20220111T232811_20220111T232838_041420_04ECCC_B927.zip
S1A_IW_SLC__1SDV_20220123T232810_20220123T232837_041595_04F292_3D3A,2022-01-23T23:28:10Z,2022-01-23T23:28:37Z,Sentinel-1A,IW,ASCENDING,48,79,41595,VV+VH,SLC,https://datapool.asf.alaska.edu/SLC/SA/S1A_IW_SLC__1SDV_20220123T232810_20220123T232837_041595_04F292_3D3A.zip
S1A_IW_SLC__1SDV_20220204T232810_20220204T232837_041770_04F889_74F5,2022-02-04T23:28:10Z,2022-02-04T23:28:37Z,Sentinel-1A,IW,ASCENDING,48,79,41770,VV+VH,SLC,https://datapool.asf.alaska.edu/SLC/SA/S1A_IW_SLC__1SDV_20220204T232810_20220204T232837_041770_04F889_74F5.zip
S1A_IW_SLC__1SDV_20220216T232810_20220216T232837_041945_04FEB1_9E4D,2022-02-16T23:28:10Z,2022-02-16T23:28:37Z,Sentinel-1A,IW,ASCENDING,48,79,41945,VV+VH,SLC,https://datapool.asf.alaska.edu/SLC/SA/S1A_IW_SLC__1SDV_20220216T232810_20220216T232837_041945_04FEB1_9E4D.zip
S1A_IW_SLC__1SDV_20220228T232809_20220228T232837_042120_0504AE_F35F,2022-02-28T23:28:09Z,2022-02-28T23:28:37Z,Sentinel-1A,IW,ASCENDING,48,79,42120,VV+VH,SLC,https://datapool.asf.alaska.edu/SLC/SA/S1A_IW_SLC__1SDV_20220228T232809_20220228T232837_042120_0504AE_F35F.zip
S1A_IW_SLC__1SDV_20220312T232810_20220312T232838_042295_050AA1_BD72,2022-03-12T23:28:10Z,2022-03-12T23:28:38Z,Sentinel-1A,IW,ASCENDING,48,79,42295,VV+VH,SLC,https://datapool.asf.alaska.edu/SLC/SA/S1A_IW_SLC__1SDV_20220312T232810_20220312T232838_042295_050AA1_BD72.zip
S1A_IW_SLC__1SDV_20220324T232810_20220324T232838_042470_051095_ED0B,2022-03-24T23:28:10Z,2022-03-24T23:28:38Z,Sentinel-1A,IW,ASCENDING,48,79,42470,VV+VH,SLC,https://datapool.asf.alaska.edu/SLC/SA/S1A_IW_SLC__1SDV_20220324T232810_20220324T232838_042470_051095_ED0B.zip
S1A_IW_SLC__1SDV_20220405T232810_20220405T232838_042645_051681_0FED,2022-04-05T23:28:10Z,2022-04-05T23:28:38Z,Sentinel-1A,IW,ASCENDING,48,79,42645,VV+VH,SLC,https://datapool.asf.alaska.edu/SLC/SA/S1A_IW_SLC__1SDV_20220405T232810_20220405T232838_042645_051681_0FED.zip
S1A_IW_SLC__1SDV_20220417T232811_20220417T232838_042820_051C62_B348,2022-04-17T23:28:11Z,2022-04-17T23:28:38Z,Sentinel-1A,IW,ASCENDING,48,79,42820,VV+VH,SLC,https://datapool.asf.alaska.edu/SLC/SA/S1A_IW_SLC__1SDV_20220417T232811_20220417T232838_042820_051C62_B348.zip
S1A_IW_SLC__1SDV_20220429T232811_20220429T232839_042995_05221D_68CE,2022-04-29T23:28:11Z,2022-04-29T23:28:39Z,Sentinel-1A,IW,ASCENDING,48,79,42995,VV+VH,SLC,https://datapool.asf.alaska.edu/SLC/SA/S1A_IW_SLC__1SDV_20220429T232811_20220429T232839_042995_05221D_68CE.zip
